object,url
%E5%B0%81%E9%9D%A2%E5%9B%BE%E7%89%87%2Fdownload%2Fb044e1e5ca07cab02ad6597ff05c7dcb161775300.png,https://yuhou-hugo.oss-cn-beijing.aliyuncs.com/%E5%B0%81%E9%9D%A2%E5%9B%BE%E7%89%87/download/b044e1e5ca07cab02ad6597ff05c7dcb161775300.png
%E5%B0%81%E9%9D%A2%E5%9B%BE%E7%89%87%2Fdownload%2Fb0c96d23c81e71849edc220eea22b708161775300.png,https://yuhou-hugo.oss-cn-beijing.aliyuncs.com/%E5%B0%81%E9%9D%A2%E5%9B%BE%E7%89%87/download/b0c96d23c81e71849edc220eea22b708161775300.png
%E5%B0%81%E9%9D%A2%E5%9B%BE%E7%89%87%2Fdownload%2Fb20ee0e9e1c4149eabc486cdb13516a8161775300.png,https://yuhou-hugo.oss-cn-beijing.aliyuncs.com/%E5%B0%81%E9%9D%A2%E5%9B%BE%E7%89%87/download/b20ee0e9e1c4149eabc486cdb13516a8161775300.png
%E5%B0%81%E9%9D%A2%E5%9B%BE%E7%89%87%2Fdownload%2Fb4c69412897cd30b02c60c565403d259161775300.png,https://yuhou-hugo.oss-cn-beijing.aliyuncs.com/%E5%B0%81%E9%9D%A2%E5%9B%BE%E7%89%87/download/b4c69412897cd30b02c60c565403d259161775300.png
%E5%B0%81%E9%9D%A2%E5%9B%BE%E7%89%87%2Fdownload%2Fb5bb8ebcd828c64568e787522fc828c9161775300.png,https://yuhou-hugo.oss-cn-beijing.aliyuncs.com/%E5%B0%81%E9%9D%A2%E5%9B%BE%E7%89%87/download/b5bb8ebcd828c64568e787522fc828c9161775300.png
%E5%B0%81%E9%9D%A2%E5%9B%BE%E7%89%87%2Fdownload%2Fb5edb90751caf868143c3aec2f5a2553161775300.png,https://yuhou-hugo.oss-cn-beijing.aliyuncs.com/%E5%B0%81%E9%9D%A2%E5%9B%BE%E7%89%87/download/b5edb90751caf868143c3aec2f5a2553161775300.png
%E5%B0%81%E9%9D%A2%E5%9B%BE%E7%89%87%2Fdownload%2Fb7459c6321457feb99a06c3827796b54161775300.png,https://yuhou-hugo.oss-cn-beijing.aliyuncs.com/%E5%B0%81%E9%9D%A2%E5%9B%BE%E7%89%87/download/b7459c6321457feb99a06c3827796b54161775300.png
%E5%B0%81%E9%9D%A2%E5%9B%BE%E7%89%87%2Fdownload%2Fb9d1defb75d967c9579baec58afd5687161775300.png,https://yuhou-hugo.oss-cn-beijing.aliyuncs.com/%E5%B0%81%E9%9D%A2%E5%9B%BE%E7%89%87/download/b9d1defb75d967c9579baec58afd5687161775300.png
%E5%B0%81%E9%9D%A2%E5%9B%BE%E7%89%87%2Fdownload%2Fbd8634f0b810cb75f6c4a4419b2b145c161775300.jpg,https://yuhou-hugo.oss-cn-beijing.aliyuncs.com/%E5%B0%81%E9%9D%A2%E5%9B%BE%E7%89%87/download/bd8634f0b810cb75f6c4a4419b2b145c161775300.jpg
%E5%B0%81%E9%9D%A2%E5%9B%BE%E7%89%87%2Fdownload%2Fbd8a7e0a9b59f925460656fa6ac7edf2161775300.png,https://yuhou-hugo.oss-cn-beijing.aliyuncs.com/%E5%B0%81%E9%9D%A2%E5%9B%BE%E7%89%87/download/bd8a7e0a9b59f925460656fa6ac7edf2161775300.png
%E5%B0%81%E9%9D%A2%E5%9B%BE%E7%89%87%2Fdownload%2Fc0bf921439d880914517ad10547db6f6161775300.png,https://yuhou-hugo.oss-cn-beijing.aliyuncs.com/%E5%B0%81%E9%9D%A2%E5%9B%BE%E7%89%87/download/c0bf921439d880914517ad10547db6f6161775300.png
%E5%B0%81%E9%9D%A2%E5%9B%BE%E7%89%87%2Fdownload%2Fc9bb1ca1257a20564b8236079d558cd7161775300.png,https://yuhou-hugo.oss-cn-beijing.aliyuncs.com/%E5%B0%81%E9%9D%A2%E5%9B%BE%E7%89%87/download/c9bb1ca1257a20564b8236079d558cd7161775300.png
%E5%B0%81%E9%9D%A2%E5%9B%BE%E7%89%87%2Fdownload%2Fd4dc972c1d9b7a1d8f19daaaf23e8605161775300.png,https://yuhou-hugo.oss-cn-beijing.aliyuncs.com/%E5%B0%81%E9%9D%A2%E5%9B%BE%E7%89%87/download/d4dc972c1d9b7a1d8f19daaaf23e8605161775300.png
%E5%B0%81%E9%9D%A2%E5%9B%BE%E7%89%87%2Fdownload%2Fd92babeac551b1aa283aaaa3ea6c08ed161775300.png,https://yuhou-hugo.oss-cn-beijing.aliyuncs.com/%E5%B0%81%E9%9D%A2%E5%9B%BE%E7%89%87/download/d92babeac551b1aa283aaaa3ea6c08ed161775300.png
%E5%B0%81%E9%9D%A2%E5%9B%BE%E7%89%87%2Fdownload%2Fdb08a4587ea39a2385a7deda24e86550161775300.png,https://yuhou-hugo.oss-cn-beijing.aliyuncs.com/%E5%B0%81%E9%9D%A2%E5%9B%BE%E7%89%87/download/db08a4587ea39a2385a7deda24e86550161775300.png
%E5%B0%81%E9%9D%A2%E5%9B%BE%E7%89%87%2Fdownload%2Fdb0f7afc8c4b7c25811c1fbea5bc1899161775300.png,https://yuhou-hugo.oss-cn-beijing.aliyuncs.com/%E5%B0%81%E9%9D%A2%E5%9B%BE%E7%89%87/download/db0f7afc8c4b7c25811c1fbea5bc1899161775300.png
%E5%B0%81%E9%9D%A2%E5%9B%BE%E7%89%87%2Fdownload%2Fdeb0764362e004778f101918835f1509161775300.png,https://yuhou-hugo.oss-cn-beijing.aliyuncs.com/%E5%B0%81%E9%9D%A2%E5%9B%BE%E7%89%87/download/deb0764362e004778f101918835f1509161775300.png
%E5%B0%81%E9%9D%A2%E5%9B%BE%E7%89%87%2Fdownload%2Fdfb3e709c88bec0535315e8423ebc85d161775300.png,https://yuhou-hugo.oss-cn-beijing.aliyuncs.com/%E5%B0%81%E9%9D%A2%E5%9B%BE%E7%89%87/download/dfb3e709c88bec0535315e8423ebc85d161775300.png
%E5%B0%81%E9%9D%A2%E5%9B%BE%E7%89%87%2Fdownload%2Fe10cfbd3c7facd0ef277ec91c67cc4e7161775300.jpg,https://yuhou-hugo.oss-cn-beijing.aliyuncs.com/%E5%B0%81%E9%9D%A2%E5%9B%BE%E7%89%87/download/e10cfbd3c7facd0ef277ec91c67cc4e7161775300.jpg
%E5%B0%81%E9%9D%A2%E5%9B%BE%E7%89%87%2Fdownload%2Fe1563c29d30a1997daf6a1a4629bcd49161775300.png,https://yuhou-hugo.oss-cn-beijing.aliyuncs.com/%E5%B0%81%E9%9D%A2%E5%9B%BE%E7%89%87/download/e1563c29d30a1997daf6a1a4629bcd49161775300.png
%E5%B0%81%E9%9D%A2%E5%9B%BE%E7%89%87%2Fdownload%2Fe4b0339e99d15da6ae87b5619768f34c161775300.jpg,https://yuhou-hugo.oss-cn-beijing.aliyuncs.com/%E5%B0%81%E9%9D%A2%E5%9B%BE%E7%89%87/download/e4b0339e99d15da6ae87b5619768f34c161775300.jpg
%E5%B0%81%E9%9D%A2%E5%9B%BE%E7%89%87%2Fdownload%2Fe9a26025c465665bf4c025562302dedf161775300.png,https://yuhou-hugo.oss-cn-beijing.aliyuncs.com/%E5%B0%81%E9%9D%A2%E5%9B%BE%E7%89%87/download/e9a26025c465665bf4c025562302dedf161775300.png
%E5%B0%81%E9%9D%A2%E5%9B%BE%E7%89%87%2Fdownload%2Fea97c494cdd6c3d8848a9f5142e45414161775300.png,https://yuhou-hugo.oss-cn-beijing.aliyuncs.com/%E5%B0%81%E9%9D%A2%E5%9B%BE%E7%89%87/download/ea97c494cdd6c3d8848a9f5142e45414161775300.png
%E5%B0%81%E9%9D%A2%E5%9B%BE%E7%89%87%2Fdownload%2Ff16fc0758c32e2b477d2f0ac2368bf1f161775300.jpg,https://yuhou-hugo.oss-cn-beijing.aliyuncs.com/%E5%B0%81%E9%9D%A2%E5%9B%BE%E7%89%87/download/f16fc0758c32e2b477d2f0ac2368bf1f161775300.jpg
%E5%B0%81%E9%9D%A2%E5%9B%BE%E7%89%87%2Fdownload%2Ff414d31bc1ab1e6af3d19cafdadd2da0161775300.png,https://yuhou-hugo.oss-cn-beijing.aliyuncs.com/%E5%B0%81%E9%9D%A2%E5%9B%BE%E7%89%87/download/f414d31bc1ab1e6af3d19cafdadd2da0161775300.png
%E5%B0%81%E9%9D%A2%E5%9B%BE%E7%89%87%2Fdownload%2Ff480439988e2f6c6abce854817f4eb4a161775300.png,https://yuhou-hugo.oss-cn-beijing.aliyuncs.com/%E5%B0%81%E9%9D%A2%E5%9B%BE%E7%89%87/download/f480439988e2f6c6abce854817f4eb4a161775300.png
%E5%B0%81%E9%9D%A2%E5%9B%BE%E7%89%87%2Fdownload%2Ff9ec8e0136edbab0fb7095be9a14d580161775300.png,https://yuhou-hugo.oss-cn-beijing.aliyuncs.com/%E5%B0%81%E9%9D%A2%E5%9B%BE%E7%89%87/download/f9ec8e0136edbab0fb7095be9a14d580161775300.png